<?xml version="1.0" encoding="UTF-8"?>
<project-private xmlns="http://www.netbeans.org/ns/project-private/1">
    <editor-bookmarks xmlns="http://www.netbeans.org/ns/editor-bookmarks/2" lastBookmarkId="0"/>
    <open-files xmlns="http://www.netbeans.org/ns/projectui-open-files/2">
        <group>
            <file>file:/D:/dev/SERVER/xampp/htdocs/wp-observatorio/wp-content/themes/observatorio-theme/index.php</file>
            <file>file:/D:/dev/SERVER/xampp/htdocs/wp-observatorio/wp-content/themes/observatorio-theme/header.php</file>
            <file>file:/D:/dev/SERVER/xampp/htdocs/wp-observatorio/wp-content/themes/observatorio-theme/js/src-viz-al.js</file>
            <file>file:/D:/dev/SERVER/xampp/htdocs/wp-observatorio/wp-content/themes/observatorio-theme/css/page.css</file>
            <file>file:/D:/dev/SERVER/xampp/htdocs/wp-observatorio/wp-content/themes/observatorio-theme/css/sections.css</file>
            <file>file:/D:/dev/SERVER/xampp/htdocs/wp-observatorio/wp-content/themes/observatorio-theme/js/data-ui.js</file>
            <file>file:/D:/dev/SERVER/xampp/htdocs/wp-observatorio/wp-content/themes/observatorio-theme/css/text.css</file>
            <file>file:/D:/dev/SERVER/xampp/htdocs/wp-observatorio/wp-content/themes/observatorio-theme/css/form.css</file>
            <file>file:/D:/dev/SERVER/xampp/htdocs/wp-observatorio/wp-content/themes/observatorio-theme/css/body.css</file>
            <file>file:/D:/dev/SERVER/xampp/htdocs/wp-observatorio/wp-content/themes/observatorio-theme/js/data-preguntas.js</file>
            <file>file:/D:/dev/SERVER/xampp/htdocs/wp-observatorio/wp-content/themes/observatorio-theme/page.php</file>
            <file>file:/D:/dev/SERVER/xampp/htdocs/wp-observatorio/wp-content/themes/observatorio-theme/css/menu.css</file>
        </group>
    </open-files>
</project-private>
