<?xml version="1.0" encoding="UTF-8"?>
<project-private xmlns="http://www.netbeans.org/ns/project-private/1">
    <editor-bookmarks xmlns="http://www.netbeans.org/ns/editor-bookmarks/2" lastBookmarkId="0"/>
    <open-files xmlns="http://www.netbeans.org/ns/projectui-open-files/2">
        <group>
            <file>file:/D:/dev/SERVER/xampp/htdocs/wp-artefactos/wp-content/themes/observatorio-theme/functions.php</file>
            <file>file:/D:/dev/SERVER/xampp/htdocs/wp-artefactos/wp-content/themes/observatorio-theme/js/src-viz-al.js</file>
            <file>file:/D:/dev/SERVER/xampp/htdocs/wp-artefactos/wp-content/themes/observatorio-theme/index.php</file>
            <file>file:/D:/dev/SERVER/xampp/htdocs/wp-artefactos/wp-content/themes/observatorio-theme/page.php</file>
        </group>
    </open-files>
</project-private>
