<?xml version="1.0" encoding="UTF-8"?>
<project-private xmlns="http://www.netbeans.org/ns/project-private/1">
    <editor-bookmarks xmlns="http://www.netbeans.org/ns/editor-bookmarks/2" lastBookmarkId="1">
        <file>
            <url>wp-content/themes/elrelator-theme/page.php</url>
            <bookmark id="1">
                <name/>
                <line>42</line>
                <key/>
            </bookmark>
        </file>
    </editor-bookmarks>
    <open-files xmlns="http://www.netbeans.org/ns/projectui-open-files/2">
        <group>
            <file>file:/D:/dev/SERVER/xampp/htdocs/wp-observatorio/wp-content/themes/elrelator-theme/header.php</file>
            <file>file:/D:/dev/SERVER/xampp/htdocs/wp-observatorio/wp-content/themes/elrelator-theme/functions.php</file>
            <file>file:/D:/dev/SERVER/xampp/htdocs/wp-observatorio/wp-content/themes/elrelator-theme/js/data-preguntas.js</file>
            <file>file:/D:/dev/SERVER/xampp/htdocs/wp-observatorio/wp-content/themes/elrelator-theme/css/body.css</file>
            <file>file:/D:/dev/SERVER/xampp/htdocs/wp-observatorio/wp-content/themes/elrelator-theme/js/src-timeline.js</file>
            <file>file:/D:/dev/SERVER/xampp/htdocs/wp-observatorio/wp-content/themes/elrelator-theme/index.php</file>
            <file>file:/D:/dev/SERVER/xampp/htdocs/wp-observatorio/wp-content/themes/elrelator-theme/js/src-viz-observador.js</file>
            <file>file:/D:/dev/SERVER/xampp/htdocs/wp-observatorio/wp-content/themes/elrelator-theme/css/page.css</file>
            <file>file:/D:/dev/SERVER/xampp/htdocs/wp-observatorio/wp-content/themes/elrelator-theme/css/sections.css</file>
            <file>file:/D:/dev/SERVER/xampp/htdocs/wp-observatorio/wp-content/themes/elrelator-theme/js/src-viz-narrador.js</file>
            <file>file:/D:/dev/SERVER/xampp/htdocs/wp-observatorio/wp-content/themes/elrelator-theme/page.php</file>
            <file>file:/D:/dev/SERVER/xampp/htdocs/wp-observatorio/wp-content/themes/elrelator-theme/css/menu.css</file>
            <file>file:/D:/dev/SERVER/xampp/htdocs/wp-observatorio/wp-content/themes/elrelator-theme/css/graph.css</file>
            <file>file:/D:/dev/SERVER/xampp/htdocs/wp-observatorio/wp-content/themes/elrelator-theme/404.php</file>
            <file>file:/D:/dev/SERVER/xampp/htdocs/wp-observatorio/wp-content/themes/elrelator-theme/css/text.css</file>
            <file>file:/D:/dev/SERVER/xampp/htdocs/wp-observatorio/wp-content/themes/elrelator-theme/js/data-ui.js</file>
            <file>file:/D:/dev/SERVER/xampp/htdocs/wp-observatorio/wp-content/themes/elrelator-theme/js/data-legal.js</file>
            <file>file:/D:/dev/SERVER/xampp/htdocs/wp-observatorio/wp-content/themes/elrelator-theme/css/color.css</file>
            <file>file:/D:/dev/SERVER/xampp/htdocs/wp-observatorio/wp-content/themes/elrelator-theme/css/footer.css</file>
            <file>file:/D:/dev/SERVER/xampp/htdocs/wp-observatorio/wp-content/themes/elrelator-theme/js/src-viz-al.js</file>
            <file>file:/D:/dev/SERVER/xampp/htdocs/wp-observatorio/wp-content/themes/elrelator-theme/css/index.css</file>
            <file>file:/D:/dev/SERVER/xampp/htdocs/wp-observatorio/wp-content/themes/elrelator-theme/css/loader.css</file>
            <file>file:/D:/dev/SERVER/xampp/htdocs/wp-observatorio/wp-content/themes/elrelator-theme/style.css</file>
        </group>
    </open-files>
</project-private>
